"1","The_Thinking_Neanderthal.jpg","fsociety","1"
"4","02.png","anist","1"
"9","alicia-keys.jpg","Alicia","1"
"10","12314170_1019170621477942_7343749055559951577_o.jpg","JJ","1"
"11","rihanna-boyfriend-1.jpg","RiRi","1"
"12","images.jpeg","Trump","1"
"13","10802741_1514496232132107_1885427508_n-745824.jpg","Madonna","1"
"14","download.jpeg","Will","1"
"15","download (1).jpeg","katy","1"
"16","download (2).jpeg","julia","1"
"17","download (2).jpeg","julia","1"
"18","JUlia-Roberts-turns-50.jpg","julia","1"
"20","d4e65be8e44c7e2e57207e8ef1f8a4a5--george-clooney-mans.jpg","clooney","1"
"21","download (3).jpeg","Johnny","1"
"22","depp.jpeg","Johnny","1"
"23","images (1).jpeg","tom","1"
"24","beck.jpeg","david","1"
"25","natp.jpeg","nat","1"
"26","ben.jpeg","ben","1"
"27","ben.jpeg","akhanye","1"
"32","cyr.jpeg","miley","1"
"33","therone.jpeg","Charlize","1"
"40","12314170_1019170621477942_7343749055559951577_o.jpg","JoeZeeMo","1"
